"YEAR","Country","Total_Customers","No_of_Products","Profit","Sales"
2014,United States,595,1230,49543.97410000001,484247.49810000084
2015,United States,573,1246,61618.60370000003,470532.5090000007
2016,United States,638,1367,81795.17430000001,609205.5980000001
2017,United States,693,1525,93439.26960000006,733215.2552000006
